College,Sydney,Melbourne,Adelaide,Brisbane,Website links,Application form Link,Logo Link
Bentley College,,yes,,,https://bentley.edu.au/,https://bentley.edu.au/wp-content/uploads/2023/03/BC-International-Student_-Application-Form_V1.0_Editable.pdf,https://bentley.edu.au/wp-content/uploads/2020/11/Bentley-logo_1.png
Laneway College,yes,yes,,,https://laneway.edu.au/,https://apply.laneway.edu.au/,https://laneway.edu.au/wp-content/uploads/2019/10/laneway-education-logo.png
IGI,yes,,,,https://www.igi.edu.au/,https://www.igi.edu.au/contact/,https://www.igi.edu.au/wp-content/uploads/2023/11/IGI_LOGO_new_141123-02.png
Menzies Institute of Technology,,yes,,,https://menzies.vic.edu.au/,https://menzies.vic.edu.au/wp-content/uploads/2026/04/MFS01-International-Student-Application-Form_V92_180326-1.pdf,https://menzies.vic.edu.au/wp-content/uploads/2019/07/Menzies-Logo-08-3-768x243.png
Pakenham College,,yes,,,https://pakenham.edu.au/,https://pakenham.edu.au/wp-content/uploads/2022/03/International-Student_-Application-Form_V1.2-Fillable.pdf,https://pakenham.edu.au/wp-content/uploads/2021/08/cropped-Pakenham-Logo.png
Datum College,,yes,,,https://datum.edu.au/,https://datum.edu.au/wp-content/uploads/2023/08/Datum-International-Student-Application-Form-V1.415082023.pdf,https://datum.edu.au/wp-content/uploads/2022/02/datum_logo.png
Nortwest College,yes,yes,yes,,https://nortwest.edu.au/,https://appform.nortwest.edu.au/,https://nortwest.edu.au/assets/img/logo_nwc_transp@1x.png
ACBT,,,,yes,https://acbteducation.edu.au/,https://acbteducation.edu.au/wp-content/uploads/2025/04/ACBT-International-student_Application_Fillable_Form-v2.3.pdf,https://acbteducation.edu.au/wp-content/uploads/2023/10/cropped-abct-1.png
Britts,yes,yes,yes,,https://brittscollege.edu.au/,https://appform.brittscollege.edu.au/,https://brittscollege.edu.au/wp-content/uploads/2024/03/Britts-Logo.webp
DIT,,yes,,,https://www.dit.edu.au/,https://www.dit.edu.au/wp-content/uploads/2022/12/DIT-Enrolment-Form-fillable.pdf,https://www.dit.edu.au/wp-content/uploads/2025/10/dti_86.png
